{"campaings":[{"nameTranslations":{"english":"---","russian":"---"},"descriptionTranslations":{"english":"---","russian":"---"},"levels":[{"nameTranslations":{"english":"---","russian":"---"},"descriptionTranslations":{"english":"---","russian":"---"},"cameraPosition":{"x":0.0,"y":1.0,"z":-10.0},"lightRotation":{"x":0.4082178771495819,"y":-0.23456968367099763,"z":0.10938163101673126,"w":0.8754261136054993},"planes":[{"position":{"x":0.0,"y":0.0,"z":0.0}}],"terrains":[],"buildingSlots":[],"waves":[{"spawnTime":5.0,"waveTime":15.0,"waveCost":100,"subwaves":[{"id":0,"enemiesCodes":[0,0,0,0,0],"pathVariantCode":0}]}],"pathVariants":[{"spawnPointPosition":{"x":-4.090000152587891,"y":0.0,"z":-3.309999942779541},"spawnPointRotation":{"x":0.0,"y":0.4300309121608734,"z":0.0,"w":0.9028142094612122},"wayPoints":[{"wayPointPosition":{"x":0.0,"y":0.0,"z":0.0}}],"endPointPosition":{"x":3.6600000858306886,"y":0.0,"z":3.450000047683716},"endPointRotation":{"x":0.0,"y":-0.7887404561042786,"z":0.0,"w":0.6147263646125794}},{"spawnPointPosition":{"x":-3.619999885559082,"y":0.0,"z":3.2799999713897707},"spawnPointRotation":{"x":0.0,"y":0.0,"z":0.0,"w":1.0},"wayPoints":[{"wayPointPosition":{"x":0.0,"y":0.0,"z":0.0}}],"endPointPosition":{"x":4.130000114440918,"y":0.0,"z":-4.409999847412109},"endPointRotation":{"x":0.0,"y":0.0,"z":0.0,"w":1.0}}]}]}]}